{"summary": {"n_days": 100, "total_pnl": 76828.51, "mean_daily_pnl": 768.29, "sharpe_ratio": 2.374, "max_drawdown": 11957.26, "win_rate": 0.85, "gamma": 0.12, "k": 1.5, "annual_vol": 0.14, "spot0": 5500.0}, "daily_pnl": [0.29, 167.8, -19.67, 384.93, -202.62, 343.05, 289.75, 192.37, 185.64, 163.96, 1611.79, 49239.94, 469.56, 108.07, 338.73, 407.39, 137.7, 338.95, -18.91, 365.65, 74.08, 255.12, 256.97, 498.09, 659.83, 0.0, 606.49, 196.48, 335.19, 2500.04, 274.82, 808.24, 6201.16, 121.46, 203.75, 167.92, -129.68, 0.0, 234.08, -783.18, 198.6, 85.86, -1011.38, 296.17, 507.55, 400.43, 247.06, 233.68, 0.0, 157.68, 1600.05, 124.1, -502.3, 391.37, 300.38, 343.45, 168.49, 129.2, 514.02, 2436.2, 338.25, 256.64, 37.92, 388.74, 0.0, 129.05, 2129.94, 250.66, 319.92, 4008.52, 399.21, 444.92, 235.66, 147.51, 120.02, 349.45, 592.05, 176.07, 298.63, 1384.37, 91.53, -11957.26, 533.55, 459.04, 2318.06, -1503.06, 464.71, 323.94, 140.93, 1483.59, 147.18, 293.73, 190.74, 391.28, 113.17, 656.64, 182.53, -2365.05, 230.05, -980.19], "cum_pnl": [0.29, 168.09, 148.42, 533.35, 330.73, 673.78, 963.53, 1155.9, 1341.54, 1505.5, 3117.29, 52357.23, 52826.79, 52934.86, 53273.59, 53680.98, 53818.68, 54157.63, 54138.72, 54504.38, 54578.46, 54833.58, 55090.54, 55588.63, 56248.46, 56248.46, 56854.96, 57051.44, 57386.63, 59886.67, 60161.49, 60969.72, 67170.88, 67292.33, 67496.09, 67664.01, 67534.33, 67534.33, 67768.4, 66985.23, 67183.83, 67269.69, 66258.31, 66554.49, 67062.04, 67462.47, 67709.53, 67943.21, 67943.21, 68100.9, 69700.95, 69825.06, 69322.76, 69714.13, 70014.5, 70357.96, 70526.45, 70655.65, 71169.67, 73605.87, 73944.12, 74200.76, 74238.69, 74627.42, 74627.42, 74756.47, 76886.42, 77137.07, 77457.0, 81465.51, 81864.72, 82309.63, 82545.29, 82692.8, 82812.82, 83162.28, 83754.32, 83930.39, 84229.02, 85613.38, 85704.92, 73747.66, 74281.21, 74740.25, 77058.3, 75555.25, 76019.96, 76343.9, 76484.83, 77968.42, 78115.6, 78409.33, 78600.07, 78991.35, 79104.52, 79761.15, 79943.68, 77578.64, 77808.69, 76828.51], "representative_day": {"tick_pnl": [0.0, 0.0, 0.0, 0.0, 0.0, 0.0, 0.0, 0.0, 0.0, 0.0, 0.0, 0.0, 0.0, 0.0, 0.0, 0.0, 0.0, 0.0, 0.0, 0.0, 0.0, 0.0, 0.0, 0.0, 0.0, 0.0, 0.0, 0.0, 0.0, 0.0, 0.0, 0.0, 0.0, 64.57035910862032, -9.332256985479034, 2.091815135674551, 2.996353508293396, 2.9202718210872263, 3.053161846997682, -3.8516770810238086, 2.926879499980714, 3.0700107109732926, 1.0881258989102207, 2.9742229363764636, 0.2881147926673293, 1.8769180736271665, 0.9809919783147052, 1.2917335974052548, 1.7531209187582135, -1.1232340522692539, 3.0167769287945703, 0.8672956061782315, -29.5469493039418, 3.3354290027637035, -5.937536059413105, -7.231475195265375, 4.543696103501134, -2.465278129093349, 5.118058520718478, 5.131402621278539, 2.7037067300407216, 4.96173751517199, 5.571869773906656, -28.004069916671142, 6.209733406198211, 4.204970173537731, 4.561368157388642, 0.1908577420981601, 4.791928153135814, -20.289368289639242, -7.885312229860574, 5.078435798524879, 7.290985304047354, -7.651158614899032, 3.0406420138897374, -13.165337150800042, -1.4398436309420504, 7.211791759938933, -5.510335355938878, -25.782854289165698, 7.952709423610941, -10.163535184692591, -4.954326855251566, 6.202986505464651, 5.964568271068856, 4.348629993502982, 4.56650830025319, 4.766998040257022, 5.915132549125701, -15.586794775212184, 5.527296646498144, 7.095998357632197, -4.915562163456343, 7.475894413422793, 3.5486824039835483, -4.919103129650466, 2.079927568673156, 4.042584460345097, 6.167943875538185, 5.843037871294655, -3.0415119105018675, 5.22996624535881, -7.885119919315912, 4.923710315139033, -3.7534637650242075, 1.6980381516041234, -2.6821258725831285, -35.42096251586918, -3.842573538888246, -8.912545969476923, 4.762930308235809, -3.5360533543862402, 2.8398839733563364, 2.0193426180630922, 1.8633191767148674, -3.4803125145845115, 1.5173438342753798, -0.6119776878040284, 0.4103514135349542, 2.591869826428592, 2.1513945853803307, 2.338872953085229, -2.045661698328331, 0.8992515488062054, 1.1306356450077146, 0.6154225536156446, 0.5634066457860172, 0.6459534431342036, 0.560295399511233, 0.5597381037659943], "cum_tick_pnl": [0.0, 0.0, 0.0, 0.0, 0.0, 0.0, 0.0, 0.0, 0.0, 0.0, 0.0, 0.0, 0.0, 0.0, 0.0, 0.0, 0.0, 0.0, 0.0, 0.0, 0.0, 0.0, 0.0, 0.0, 0.0, 0.0, 0.0, 0.0, 0.0, 0.0, 0.0, 0.0, 0.0, 64.57035910862032, 60.521736598049756, 67.72158454346936, 72.95430108069559, 76.73287591920234, 83.21337566984585, 82.81985267519485, 77.99531350994948, 82.58425453945529, 78.82776677934453, 84.59863259113627, 84.56799232179765, -283.1519300521468, -278.8483332582982, -279.1433541079168, -277.7674088347121, -282.04297434468754, -211.06900532310829, -202.72145283047576, -226.2616712054005, -222.7055496639805, -224.91808145632967, -236.3144040243933, -247.75743136543315, -257.23094591568224, -250.24448983953334, -238.5519918842474, -225.66678597324062, -219.92129332770128, -205.78983796213288, -222.3410096480511, -210.92837028286885, -210.7148552609142, -207.6329211104894, -194.21474682504777, -199.405337450793, -208.761420137831, -207.29035513999406, -187.31252718600444, -200.99022018525284, -198.06958249560557, -184.3376424384769, -193.92177705676295, -221.72576202015625, -205.59168321598554, -196.42322127334774, -213.3668723392766, -193.76597068319097, -189.17488833982497, -185.7408488955116, -172.13076705532148, -171.66846057376824, -160.4234769033501, -145.52985878300387, -137.04169502691366, -121.54863620258402, -162.62483768526, -149.94813006359618, -144.04643126111478, -141.3251277137315, -124.50127666594926, -109.41566288296599, -102.58900799055118, -88.65896503219847, -87.77381045045331, -71.08464122528676, -53.571182190440595, -57.82204059290234, -49.306008853018284, -60.20943442406133, -46.11571182357147, -35.53973687358666, -26.15920369955711, -15.13967350893654, -41.48292622494046, -38.58506210532505, -49.20632196380757, -57.35430705046747, -52.01104002003558, -46.23672728869133, -41.08279209281318, -36.128192010801286, -37.42549170809798, -32.236543918959796, -28.005456476006657, -24.08686061622575, -18.57102648098953, -19.666621192591265, -12.25033508753404, -14.46594022354111, -12.767426550155506, -9.875253749312833, -7.606741809286177, -5.954714738531038, -4.121312090195715, -2.5340074722189456, -0.8266286889556795], "inventory": [0.0, 0.0, 0.0, 0.0, 0.0, 0.0, 0.0, 0.0, 0.0, 0.0, 0.0, 0.0, 0.0, 0.0, 0.0, 0.0, 0.0, 0.0, 0.0, 0.0, 0.0, 0.0, 0.0, 0.0, 0.0, 0.0, 0.0, 0.0, 0.0, 0.0, 0.0, 0.0, 0.0, -1.0, -1.0, -1.0, -1.0, -1.0, -1.0, -1.0, -1.0, -1.0, -1.0, -1.0, -1.0, -1.0, -1.0, -1.0, -1.0, -1.0, -2.0, -2.0, -2.0, -2.0, -2.0, -2.0, -2.0, -2.0, -2.0, -2.0, -2.0, -2.0, -2.0, -2.0, -2.0, -2.0, -2.0, -2.0, -2.0, -2.0, -2.0, -2.0, -2.0, -2.0, -2.0, -2.0, -2.0, -2.0, -2.0, -2.0, -2.0, -2.0, -2.0, -2.0, -2.0, -2.0, -2.0, -2.0, -2.0, -2.0, -2.0, -2.0, -2.0, -2.0, -2.0, -2.0, -2.0, -2.0, -2.0, -2.0, -2.0, -2.0, -2.0, -2.0, -2.0, -2.0, -2.0, -2.0, -2.0, -2.0, -2.0, -2.0, -2.0, -2.0, -2.0, -2.0, -2.0, -2.0, -2.0, -2.0, -2.0, -2.0, -2.0, -2.0, -2.0, -2.0, -2.0, -2.0, -2.0, -2.0],